Price,Close,High,Low,Open,Volume
Ticker,DIA,DIA,DIA,DIA,DIA
Date,,,,,
2023-12-08,351.5346984863281,352.0768293950097,349.8502224160617,350.2181032920782,2930400
2023-12-11,353.0545654296875,353.22881543792204,351.41848252768455,351.999345432381,3673200
2023-12-12,354.7196960449219,354.98107106172813,352.8028572899309,353.7516010352342,3239600
2023-12-13,359.87969970703125,359.87969970703125,354.3228427206043,354.9037057486026,4304800
2023-12-14,361.4189147949219,361.7480931130982,359.4149804793967,360.8187005863354,5507000
2023-12-15,361.5480041503906,362.28541125742953,360.28664832993,360.68445850030696,6948400
2023-12-18,361.8875732421875,362.7510892158426,361.67411486499446,362.1883514632343,3403200
2023-12-19,364.3326721191406,364.3908853570716,362.0234483145822,362.1398747904442,3749200
2023-12-20,359.77239990234375,365.1476486491125,359.58804813162527,363.5273310138318,4564700
2023-12-21,362.76080322265625,363.00336821575905,360.1216949132987,361.8002553251643,3837500
2023-12-22,362.6831359863281,364.1482378992532,361.49941773303374,362.52792046030646,3330700
2023-12-26,364.1870422363281,364.9050250533218,362.469663343816,362.56669525124295,2217800
2023-12-27,365.3611145019531,365.58428496843226,363.6049462165772,363.9445431490503,3061200
2023-12-28,365.8171081542969,366.457483275178,365.32226610407423,365.32226610407423,2620400
2023-12-29,365.66192626953125,366.2343761864793,364.10950415730497,365.73956366063646,3364400
2024-01-02,365.8753356933594,366.58363614491344,363.65343202778666,363.65343202778666,5776300
2024-01-03,363.0809631347656,364.9341631696793,362.78018492276226,364.40053204773363,6393600
2024-01-04,363.4011535644531,366.00144300671275,363.2653029647915,363.69221969232456,4251900
2024-01-05,363.4981689453125,365.0602731104827,362.11067483894146,363.29439305508765,5381700
2024-01-08,365.6327209472656,365.75885946626863,361.39269010990495,362.29502467049133,4604900
2024-01-09,364.0221252441406,364.42964745635805,362.63466060561103,363.6534217211783,3230900
2024-01-10,365.739501953125,366.2440264702299,364.1288668743104,364.3811143278709,2718700
2024-01-11,365.9529113769531,366.87464044510125,363.119739658375,366.535043584213,4095700
2024-01-12,364.73040771484375,367.0008123597205,363.5855081230652,366.2537228857598,3816700
2024-01-16,362.54736328125,364.3617447843295,360.97554678360865,363.8184015409469,4471600
2024-01-17,361.6352844238281,362.6346509732145,360.29632097494505,360.6941311017859,4361000
2024-01-18,363.66314697265625,364.16767151131546,360.31573814024665,361.15988920971296,3953400
2024-01-19,367.5492248535156,368.2967390124125,363.53005118636213,364.81152942459784,5218600
2024-01-22,368.9764404296875,369.95694018149845,368.0153166210004,368.60752721290095,5433400
2024-01-23,367.9764099121094,368.76276487973695,366.9473520624531,368.28704708472543,3110100
2024-01-24,367.0541687011719,369.51032096054,366.90855288081804,369.1122846336928,3967200
2024-01-25,369.37445068359375,369.4521025847175,366.8891750721218,368.0056026150622,3539100
2024-01-26,369.9665832519531,370.9762355955335,368.8598734513591,368.88899661382686,3221000
2024-01-29,372.121826171875,372.2189132661475,369.43268845877367,369.87925354024134,2730900
2024-01-30,373.2673645019531,373.71395919546313,371.3257411880436,371.6461256258582,2747900
2024-01-31,370.2384033203125,374.5585266529855,370.20928015831595,373.96631618996446,4476600
2024-02-01,373.859619140625,373.9081478784717,369.85016178392436,370.2676037352434,3652500
2024-02-02,375.1410827636719,376.4613724991912,372.05387893748207,372.78198773696425,3344800
2024-02-05,372.38385009765625,374.72350929224945,370.9664736489785,374.72350929224945,3761600
2024-02-06,373.840087890625,374.1216315275397,372.30621872152204,372.7139725965991,2507800
2024-02-07,375.3838195800781,376.14105161481666,374.39357256223315,375.1119934554752,2797600
2024-02-08,376.04388427734375,376.3448335072734,374.257594464374,376.16037693063015,2549800
2024-02-09,375.4323425292969,376.18957455235505,374.5003714917234,375.8886252628592,3526300
2024-02-12,376.78173828125,378.04381134644467,375.1604992316577,375.20902796897053,2412200
2024-02-13,371.64605712890625,373.9177524322727,369.3549266348176,373.83038295446806,5325300
2024-02-14,373.0732727050781,373.3256636253404,370.9180693367861,372.79172898923673,3465200
2024-02-15,376.91766357421875,376.99531547875364,373.64603270280384,373.9469819764648,3497200
2024-02-16,375.5096130371094,377.5126397369067,375.03317386950033,376.46252104591787,3772300
2024-02-20,375.0235595703125,375.8792274940403,373.90536930918637,374.8485446787136,3295700
2024-02-21,375.3735656738281,375.490271934465,372.7190842978977,374.3137137767602,3027600
2024-02-22,379.7394104003906,380.6436836186292,377.18213974515,377.6196769441697,4990700
2024-02-23,380.4588623046875,381.97571698213665,380.1088326130879,380.93530149833987,3451600
2024-02-26,379.9046630859375,381.55766039565293,379.4476600419759,380.6242181026914,1914100
2024-02-27,378.8837585449219,379.6519190026787,377.9989214958297,379.56438188557814,2370900
2024-02-28,378.8253479003906,378.9614606730872,376.8806592866038,377.21125279011636,3313900
2024-02-29,379.16571044921875,380.2936038398585,377.7071938499889,379.885235809288,3026900
2024-03-01,380.4881591796875,380.7798506872779,378.12536894739935,379.0685443867443,3857500
2024-03-04,379.43804931640625,380.42983013996104,378.5823813085067,378.5823813085067,3048500
2024-03-05,375.5096130371094,378.52388602445956,374.27474657223325,378.23216495714735,4132400
2024-03-06,376.4722900390625,378.3683734500665,375.45134030919615,377.7460588033549,3039100
2024-03-07,377.70721435546875,378.94208112736214,377.1043358692364,378.3100631681033,2965700
2024-03-08,377.2598571777344,379.62267638941444,376.98760195943953,377.5029432538403,4256900
2024-03-11,377.6780090332031,377.90162924470434,374.8387504481351,376.21949249449443,3396000
2024-03-12,379.9825439453125,380.61456198296577,377.1141155858689,378.47539205318395,3275800
2024-03-13,380.4005126953125,381.9271002654896,379.2725898222028,380.857515672576,2788700
2024-03-14,379.28240966796875,381.55769213774266,377.11407084519544,381.3243389634883,4471900
2024-03-15,377.19940185546875,379.4021779065831,376.26372174528314,377.920652175327,4372300
2024-03-18,377.9110107421875,379.01236927100547,377.6673418230723,378.5153049024345,2060600
2024-03-19,381.0007629394531,381.18595372038544,377.6576320958761,378.33016077510524,3303800
2024-03-20,384.9872131347656,385.21139929341814,380.0163899837273,380.26978548400075,4823900
2024-03-21,387.67724609375,388.72015619495244,385.7863729224124,386.2737107553398,4348400
2024-03-22,384.53875732421875,387.9793609491567,384.4997619722957,387.6869701715795,3156100
2024-03-25,382.9988708496094,384.1684639729673,382.8721582353446,383.94430757364825,2535600
2024-03-26,382.9013366699219,384.2853594417174,382.6869068362259,383.71030437515554,3395400
2024-03-27,387.4919738769531,387.51145667806776,384.4802302719761,384.99680707649185,4427300
2024-03-28,387.6870422363281,388.46677095129866,386.9852744949571,387.97943306825607,3155000
2024-04-01,385.3185119628906,387.96963092299256,384.7337303681728,387.7454745599308,3825200
2024-04-02,381.7122802734375,382.20937443928597,380.3964620222026,382.0436664690884,4034900
2024-04-03,381.3515930175781,382.96955811792054,380.1137359421879,381.7609401213728,3547000
2024-04-04,376.2442932128906,384.2561284481458,375.83494608660067,384.0514548850008,5041200
2024-04-05,379.01239013671875,380.56215072298204,376.30279279677677,376.56597428054437,4423500
2024-04-08,379.246337890625,380.26000899278284,378.7297609361611,379.19758625658534,2431300
2024-04-09,378.9928894042969,380.1040339615535,375.96166230447585,379.7531352480415,4003900
2024-04-10,374.77252197265625,376.19554001063057,373.3299913861794,375.17214253535735,5173100
2024-04-11,374.80181884765625,376.3027980768863,372.3261341298875,375.70826015064773,3972800
2024-04-12,370.2501220703125,373.23262788589994,369.21696801627223,372.6283335989799,5305100
2024-04-15,367.7548828125,374.1000310830381,367.062871400002,373.62241976773703,4870700
2024-04-16,368.4079895019531,370.30858956782015,367.49179182085953,370.1233987762323,4383500
2024-04-17,367.8913269042969,370.56192860102203,366.6145042139108,369.60673577950666,4584900
2024-04-18,368.2713928222656,371.28313659264467,367.3064735812447,369.4507418662619,4579200
2024-04-19,370.37591552734375,371.5754059428577,368.5425894371092,369.29347252044454,5078600
2024-04-22,372.8822326660156,374.9008768131672,370.3857564323733,372.2581284877771,4129000
2024-04-23,375.4663391113281,376.02220262334816,373.4087096423772,374.16935401028167,3126400
2024-04-24,374.9008483886719,375.90528968964327,373.5160699176488,375.32017160667095,3575800
2024-04-25,371.4681701660156,372.08251285334075,368.11352518221184,370.3662043167556,4682800
2024-04-26,372.8235778808594,373.82801886477984,371.08774696417163,371.30228920153,4252400
2024-04-29,374.2767028808594,374.50100657113387,372.5896486690669,373.59408993886314,3265900
2024-04-30,368.7473449707031,373.25270268165355,368.6985677803826,372.9698902108688,3463600
2024-05-01,369.488525390625,373.96462904305093,368.6011018687229,368.99117062024277,5731600
2024-05-02,372.7455749511719,373.40869467911426,369.4981869934653,371.6923567853034,3535600
2024-05-03,377.1730041503906,378.3627332879931,375.50544298353776,377.53384828060126,4471100
2024-05-06,378.8113098144531,379.09409254814744,377.2314822604473,378.68453077366826,2596100
2024-05-07,379.0941467285156,380.079095022763,378.7040779198167,379.5134997142009,2428600
2024-05-08,380.7908630371094,381.21018612024693,378.5576774561612,378.7039494897752,2855100
2024-05-09,384.2234802246094,384.47703823740335,380.33249562076736,380.4299904623064,4141200
2024-05-10,385.3742370605469,386.07637260954664,384.32104861721405,385.4425072656673,3505600
2024-05-13,384.672119140625,386.7687644943129,384.2918118210018,386.54449061054413,2635800
2024-05-14,385.7643737792969,386.41776201719364,384.0383038904436,384.7502009543802,2702700
2024-05-15,389.37255859375,389.58710086599206,387.0906252037229,387.3831693202632,3421200
2024-05-16,389.3042297363281,391.04982206296876,389.2262279037798,389.8308388271116,2877200
2024-05-17,390.6071472167969,390.6754893595122,389.1324114027748,389.78674345736334,2702900
2024-05-20,388.80029296875,391.3590843616703,388.5463570945982,390.4312646712541,2094800
2024-05-21,389.4644775390625,389.7379355325031,388.4780616534047,389.0152315079856,1618300
2024-05-22,387.3940124511719,389.53285636087173,386.2708824513221,388.6538863524974,2647200
2024-05-23,381.53411865234375,387.8139055911088,381.13369274643907,387.78460758846614,3361200
2024-05-24,381.5145263671875,383.08690189408344,381.04572860650535,382.08096424891954,2072200
2024-05-28,379.5223083496094,381.10446037414204,377.9792004655359,380.70403439927964,2176100
2024-05-29,375.5960998535156,376.70948346857415,375.2640459169226,376.309057596738,2715000
2024-05-30,372.5685729980469,373.46706495083174,371.5235612270476,372.4611271183351,4063400
2024-05-31,378.4772644042969,378.5553824832986,372.3634890096151,373.05692480742266,4748400
2024-06-03,377.21734619140625,378.8288257024895,373.98467084312057,378.8092738315257,3614300
2024-06-04,378.457763671875,379.30743567558756,375.5571417736952,376.00638781382287,2822500
2024-06-05,379.4538879394531,379.8836118671267,376.95369225372514,379.52225988355656,2181400
2024-06-06,380.2351989746094,381.46577478553127,378.73119498868755,379.727356956534,2241900
2024-06-07,379.414794921875,382.47168233356945,378.8288348724043,379.795698758713,1952000
2024-06-10,380.1961364746094,380.26447861271623,378.1451868236948,378.96556072312404,1380600
2024-06-11,378.9069519042969,379.13158979243224,375.90866050577745,378.6041959446738,2522600
2024-06-12,378.6335754394531,382.75499755632904,377.65693540990617,382.432689655953,3866700
2024-06-13,377.8423767089844,378.61393042710455,375.60586342223735,377.7837807106136,3136100
2024-06-14,377.43231201171875,377.51045990771814,374.6684337357019,375.63529786469576,2884300
2024-06-17,379.50274658203125,380.11803453212997,375.9868665323585,376.250548594678,2025300
2024-06-18,380.0496826171875,381.0751426378698,378.95582084252436,379.8250447000834,1848700
2024-06-20,382.9112243652344,383.9269084326816,379.3074206405053,379.65899670892503,3588000
2024-06-21,383.0521240234375,384.1581974495343,382.19075605014893,383.37515194905626,2592100
2024-06-24,385.63623046875,387.2121192569454,383.6002643601401,384.15819996530183,3096600
2024-06-25,382.7389221191406,385.7634781544972,381.56435378174564,385.2251380671003,2879100
2024-06-26,382.9542236328125,383.43386661745666,380.7714701811142,381.8285845601123,1501900
2024-06-27,383.2674560546875,384.07989486480557,381.89711152883393,382.3375634096778,1601100
2024-06-28,382.8465576171875,385.96900140374566,380.95743880010616,383.08146527946144,3624400
2024-07-01,383.1695861816406,385.93966869549274,381.9950179054186,383.77645093837947,2536500
2024-07-02,384.9608459472656,384.9608459472656,382.4159032145974,382.5137913718676,1711600
2024-07-03,384.5105895996094,385.7145512770105,383.835229977618,385.3915531969277,2319100
2024-07-05,385.36224365234375,385.6558783116842,383.355640575925,384.86303486018727,2011000
2024-07-08,385.1272277832031,388.32799427590265,384.46163610978283,386.05712046759294,3374500
2024-07-09,384.6183166503906,386.67384881171637,383.1794471245903,384.89238561381563,3821600
2024-07-10,388.8467712402344,389.04251768422426,384.3148213704996,384.61825374926497,4234300
2024-07-11,389.2089538574219,390.44227900066295,387.9169017903382,389.0817022320051,4020700
2024-07-12,391.84197998046875,394.1617830436983,389.6885599079962,390.41287853634014,4711800
2024-07-15,393.8387451171875,395.03290896870305,392.89908450540764,393.94643105371887,4433500
2024-07-16,400.984130859375,401.30712890090297,395.2971787515257,395.30694665678595,6547600
2024-07-17,403.20611572265625,403.60743630375146,399.9074905548721,399.9074905548721,4490600
2024-07-18,398.10638427734375,405.0951560554781,397.4505605599656,401.9825100523701,4922200
2024-07-19,394.6045227050781,397.6500972133191,393.6252336847261,396.9743853984338,4284500
2024-07-22,395.7796325683594,396.3476369087492,393.8896120224826,395.6719251263534,2314000
2024-07-23,395.1333312988281,396.89606952941506,394.8689340127287,395.91678047426575,1693500
2024-07-24,390.4131774902344,394.29115374813887,389.8353706532778,393.4097995830056,3701300
2024-07-25,391.2161560058594,396.01469605057923,390.11935709924757,390.3739818045427,4179800
2024-07-26,397.56195068359375,399.177771532745,393.3901700415253,393.48810491719195,2810600
2024-07-29,397.11151123046875,398.57064234793063,395.593595275467,398.43352753622094,2039000
2024-07-30,398.9721984863281,400.25506488937634,396.88630780312553,397.46408481869025,2576400
2024-07-31,400.02978515625,403.47690183106454,398.0712070039348,399.0211186032289,5634800
2024-08-01,394.8786926269531,402.4191995831326,392.65568759182435,401.2146933057634,5497900
2024-08-02,388.90509033203125,392.08777995013776,385.40902102515275,391.6470878949563,4844900
2024-08-05,378.7987976074219,382.2165068517199,376.957729399257,378.5147954130483,8680200
2024-08-06,381.883544921875,386.3491005446791,378.26019341229545,379.533257207588,4058000
2024-08-07,379.73883056640625,386.6134574918443,379.2589885882691,384.49818996751907,3969400
2024-08-08,386.34912109375,386.9563054334996,381.17847589309144,381.44290307417646,2993500
2024-08-09,386.966064453125,388.278308201738,384.2926244573172,386.016152873502,3380200
2024-08-12,385.61456298828125,387.83756782344005,384.47858432634825,387.7494354124527,1902000
2024-08-13,389.5513610839844,389.88431574182846,385.90840498244785,386.8876939357047,3510800
2024-08-14,391.80377197265625,392.57741872869667,389.277219247257,389.5024366132523,5230400
2024-08-15,397.473876953125,397.72850169035115,394.829784347333,396.3574729996249,3764100
2024-08-16,398.6370849609375,399.25453914794974,396.5397327057612,396.9611592459183,2789200
2024-08-19,400.9599304199219,401.16576845506677,399.14680898858205,399.24479291812787,2012400
2024-08-20,400.4209289550781,401.1951994596071,399.6564688080832,400.4797312810295,1999600
2024-08-21,400.8423156738281,401.8223942215797,399.4702116889007,401.1657583439754,1439000
2024-08-22,399.3624572753906,402.3222840176284,397.9315209178876,401.53823306500135,2353500
2024-08-23,403.6258544921875,404.1061134611183,400.4210074609921,401.1364757798433,3818300
2024-08-26,404.498046875,406.2621764168231,403.44935557942847,404.41965374609424,3145000
2024-08-27,404.6647033691406,404.8411103544625,403.165154265021,404.07665017510647,1710200
2024-08-28,403.14556884765625,405.68396909136743,400.56795708125117,404.439279909899,2732600
2024-08-29,405.66424560546875,408.00661737922655,403.1062254822403,406.1150732852983,5024800
2024-08-30,407.9184875488281,408.25171066882007,403.90996984265803,406.25237194886836,2283800
2024-09-03,402.0771789550781,406.9089584732922,400.4796463165303,405.9386903913164,3754700
2024-09-04,402.243896484375,404.3314389044636,401.0776004871126,401.8028491238675,2131200
2024-09-05,400.3229064941406,403.4591700556512,397.89233064811464,403.14553771757494,2234700
2024-09-06,396.4123840332031,402.8122959575055,395.73612742094247,400.8129272817077,3351000
2024-09-09,400.9012145996094,402.70458588250176,398.01978058210705,399.24487906201006,3038200
2024-09-10,400.1268615722656,401.9596035981752,396.90239490363143,401.9302024392962,1970500
2024-09-11,401.11676025390625,401.7636157229306,392.82530362300406,399.0389983950177,3134600
2024-09-12,403.76300048828125,403.79240165123974,399.3624569442791,401.5382327320859,3131600
2024-09-13,406.673828125,408.0165310592582,404.1354280686968,404.3706373682381,5210300
2024-09-16,409.0652770996094,410.21195249791754,407.36973007955896,408.1538110323121,3881100
2024-09-17,408.9476318359375,411.13318810874677,407.5265058130251,409.9571116608169,2561700
2024-09-18,407.8988952636719,412.6130707096512,407.2716306332896,409.1827957750104,3173600
2024-09-19,413.0149230957031,414.3576259813716,411.02536475007844,413.57357507152324,4073000
2024-09-20,413.416015625,414.1335789595676,411.3812195972524,412.24625539639925,2902200
2024-09-23,413.94683837890625,414.5268287849187,412.85573405246146,413.95667787684624,2318700
2024-09-24,414.949462890625,415.46060675492356,413.2292308491709,414.4972960107276,2790700
2024-09-25,411.99066162109375,415.74568968760786,411.26325880136415,415.25419480974375,2048000
2024-09-26,414.4481201171875,414.93961497620387,413.05229151672177,414.0745792245806,2703700
2024-09-27,415.755615234375,418.9503326017085,415.05767076445704,415.40172324986446,3667700
2024-09-30,415.922607421875,416.0995383726495,411.95132053540874,415.234532613819,3819800
2024-10-01,414.33013916015625,415.9520660895602,412.15774042439045,415.23450284115836,5101300
2024-10-02,414.73321533203125,415.3131756935387,412.4428323805443,414.65455935169336,2599600
2024-10-03,412.8360290527344,413.9566217225185,411.16493454696564,413.18989094894033,2534400
2024-10-04,416.2077331542969,416.4043131238766,412.52152124189683,415.18541531768653,2520900
2024-10-07,412.4723205566406,415.73585377341624,411.1453083737444,414.9297949671403,2632600
2024-10-08,413.64215087890625,414.1139968451375,411.58770552336256,413.3571053978757,1872900
2024-10-09,417.8197937011719,418.419433065761,412.8851958084267,413.7305826178462,3935100
2024-10-10,417.4363708496094,417.83940018901046,415.8439324831959,417.77058371676736,2179000
2024-10-11,421.43719482421875,421.7714077302887,417.7804718540001,418.0458682798147,3753500
2024-10-14,423.5604553222656,424.0814386745078,419.92338135482464,421.0341645394175,2180600
2024-10-15,420.2674255371094,422.8133652651371,419.76609118964683,422.026955504562,3291200
2024-10-16,423.39337158203125,423.74723351388076,419.65802230854536,419.9135792598361,2583700
2024-10-17,425.0939636230469,425.5264815477583,423.865226336587,425.18242910785574,3462800
2024-10-18,425.42730712890625,425.97796875354794,423.15579041624954,425.05363745315486,2303700
2024-10-21,422.2117919921875,425.82062112226265,421.6119759563653,425.2207750776334,2702600
2024-10-22,422.15277099609375,423.2442812746155,420.0386206474248,420.51062914743494,2306100
2024-10-23,418.07196044921875,420.62862062306846,415.8693141499292,419.9107799946583,4006500
2024-10-24,416.7149963378906,417.5901732033223,414.9056753000538,417.24600218872774,1936600
2024-10-25,414.1190185546875,418.89798111814594,413.4601751927157,418.3571623948731,2518800
2024-10-28,417.00018310546875,417.73767958465265,416.2135021890541,416.4888330075971,2912000
2024-10-29,415.4563293457031,417.88515216376874,414.7286757917975,415.19084142952846,2697700
2024-10-30,414.7188720703125,417.5705192493541,414.42388546892573,414.98436001156057,2933600
2024-10-31,410.70684814453125,412.92915025863306,410.06766058082366,412.2408382798179,4297100
2024-11-01,413.4110107421875,416.24297181734164,412.3195004245414,412.6735143144397,3856400
2024-11-04,411.0805358886719,413.2930253821713,409.4973911442185,412.84070259930024,3125400
2024-11-05,415.2596130371094,415.5742853588364,410.7461388287022,411.29680038732243,3093100
2024-11-06,429.9407653808594,430.4914269843712,426.47942957729185,427.4136037308244,7271800
2024-11-07,430.0981140136719,430.9437622118451,429.15409694418526,430.23576441413394,4267900
2024-11-08,432.7727355957031,434.3362544769259,430.1079234930686,430.9929132310084,5014300
2024-11-11,435.6243591308594,437.4533356977678,434.4541958400208,434.5131931480628,4065100
2024-11-12,432.064697265625,436.8141604226626,431.7303391885808,436.1848158174058,3483000
2024-11-13,432.4776916503906,434.18867358402997,431.13053644895706,432.5760304990741,2631000
2024-11-14,430.4029235839844,433.588898521995,429.81292044503266,433.2447275235393,2528300
2024-11-15,427.5260009765625,429.4938543809394,426.5518931229952,428.83461027856674,3486900
2024-11-18,427.2110900878906,428.33275079055284,426.22716349426634,427.19142236575857,2243000
2024-11-19,425.8827819824219,427.142206817634,422.7342349079199,423.80671128870506,3202500
2024-11-20,427.3094482421875,427.9194778680725,423.99362074035514,426.58132221353594,3956000
2024-11-21,431.9143371582031,433.4591093997863,426.6601717886027,428.8543092771726,7558000
2024-11-22,436.036865234375,436.44027869696964,432.25859113055503,432.52424047209394,5492800
2024-11-25,440.3661804199219,441.1926751488999,438.24089539095405,439.43143815241643,2976100
2024-11-26,441.6649169921875,442.10766588578593,437.5127461033653,439.3822003839041,4126500
2024-11-27,440.54327392578125,443.3966850074383,440.17922589831556,441.96013059222764,2985900
2024-11-29,442.85552978515625,444.0264048677452,441.0352595286649,441.0942927238326,3474100
2024-12-02,441.5272216796875,443.75090544868743,440.73024351995974,443.36715965404795,2661200
2024-12-03,440.69091796875,442.37342411849886,439.43146304138463,441.93064511890583,1697400
2024-12-04,443.69183349609375,444.29201426864716,441.56654858011626,442.61935717763816,3694400
2024-12-05,441.4584045410156,444.2232361585865,441.14354079134847,443.2393094611717,1917600
2024-12-06,439.9627380371094,442.72756916006966,439.59869002852133,442.265122493931,1973900
2024-12-09,437.926025390625,441.0746024313928,437.650527151587,440.4547238867933,1998600
2024-12-10,436.5583801269531,438.6344507665916,435.8302840773443,437.36520711693123,2461000
2024-12-11,435.3973083496094,437.591445142764,435.2693931052088,436.97156666731667,2084300
2024-12-12,433.19329833984375,435.997494799013,432.97683331426094,435.3776163154326,3585300
2024-12-13,432.3077697753906,434.433054560994,431.86502087863136,433.77381061197065,2548400
2024-12-16,431.3238830566406,433.5869321700756,430.9106507149116,432.5833078574792,1987500
2024-12-17,428.5689392089844,429.80866637265666,427.44724841221677,429.1691200539836,3130300
2024-12-18,417.4013366699219,430.99920926743744,417.1652038984175,428.9723229065408,6135700
2024-12-19,417.70635986328125,422.07499638582783,417.6276589468912,420.6384719520169,4948000
2024-12-20,422.8700866699219,426.36322799951506,416.140313414738,416.47581133326247,6069600
2024-12-23,423.21551513671875,423.75822622620626,419.35724341779684,421.6465253917138,2602700
2024-12-24,426.7777099609375,426.905994784453,422.61354243029234,423.2154873451401,1431700
2024-12-26,427.4783020019531,427.93223754276136,425.2186220821464,425.2679484995435,1867400
2024-12-27,424.3107604980469,426.57047042186736,421.77475639984965,424.88307339003916,2429100
2024-12-30,420.13671875,422.00172702506296,416.92971879422424,419.84070003037414,3858300
2024-12-31,419.870361328125,422.0807150509887,418.4296864990307,421.2617097349025,2442700
2025-01-02,418.19281005859375,423.2845431721499,416.0120583751933,422.67275103494507,4231500
2025-01-03,421.50836181640625,422.1102766119509,418.58753323104213,420.21569649153395,2203200
2025-01-06,421.478759765625,425.41595948523434,420.4426339720697,423.18585131632875,3463300
2025-01-07,419.70257568359375,423.6398056920432,418.2520235991775,423.2253493334345,2053900
2025-01-08,420.491943359375,420.9162468672195,417.65992071269477,419.78146836572176,2020200
2025-01-10,413.78192138671875,418.71576745827093,413.2589349076865,418.66644104307807,3415500
2025-01-13,417.3639221191406,417.6402163102623,412.9728169347493,413.21950925231533,2608100
2025-01-14,419.52490234375,419.8801549005222,415.9725273450524,419.25848551152455,2643300
2025-01-15,426.5211486816406,427.54739717608993,424.80417975181524,425.8501527911122,4059800
2025-01-16,425.8501281738281,427.18227266235783,425.060724832229,426.3731146632441,2532500
2025-01-17,429.12939453125,430.77793117343424,428.38903971666895,428.951716605778,2771000
2025-01-21,434.4402160644531,434.76595893144986,430.69894792469603,430.73844195027937,2113800
2025-01-22,435.6050720214844,436.3158139188456,434.6870391905521,435.81236295505545,3724100
2025-01-23,439.65228271484375,439.721389723605,435.84190782244207,435.84190782244207,2352500
2025-01-24,438.4085693359375,439.7510952704134,437.6386014158373,439.07981724061585,2022000
2025-01-27,441.36993408203125,441.5574930504396,434.8745675777881,434.973287580916,3822400
2025-01-28,442.64337158203125,443.9562542913789,440.4420389320196,441.44894083140775,2233500
2025-01-29,441.42919921875,443.8279418694644,440.0373283889839,442.44595207842224,2225100
2025-01-30,443.048095703125,444.32148436492025,440.6098591732049,440.79741814666926,2322600
2025-01-31,439.6622314453125,444.5682875707031,439.3167264734226,444.2425446758521,3085400
2025-02-03,438.55657958984375,440.16562225263544,433.0582339056389,433.95650459610397,4527700
2025-02-04,439.8004150390625,440.2643719723789,437.5694693437389,438.51714528739626,1890500
2025-02-05,442.9000244140625,443.0777023468685,437.7076594601057,439.9879499731296,2273400
2025-02-06,441.6068420410156,443.94638864866005,439.66220557462117,443.5712707084019,1867200
2025-02-07,437.42138671875,442.7223226654835,437.1054947502937,442.02146183712796,2259200
2025-02-10,439.0600280761719,440.5308567014099,437.40164048360776,440.0866618775705,1858100
2025-02-11,440.3729248046875,440.7974178167511,437.5299874658577,437.63855838456305,1436200
2025-02-12,437.9248962402344,439.06998218522523,435.3978204047787,436.6514772830717,2444500
2025-02-13,441.5081787109375,442.09058760710667,437.99396325685797,439.6029759063843,2961500
2025-02-14,440.0570983886719,442.27816313304857,439.6227544286509,441.3502492298328,2005400
2025-02-18,440.1854553222656,440.2644132624167,437.9248964245169,439.55367130057573,2451200
2025-02-19,440.92578125,441.05408412865904,437.8458795347002,439.0600724260718,2239400
2025-02-20,436.7007751464844,439.82999133181454,434.31188365987083,439.54371236490084,2960000
2025-02-21,429.2061767578125,434.3865275690431,428.4152987043744,434.0998214523946,3842200
2025-02-24,429.5817565917969,431.92476321600117,428.4152011690376,430.8669406785578,3629300
2025-02-25,431.16357421875,432.55752146340234,427.72319185939153,430.5802964644729,2953100
2025-02-26,429.3939208984375,433.52631363112096,428.06918385748406,431.4700130435361,2427800
2025-02-27,427.4266357421875,433.7537499351497,427.17948260832134,429.4928323209016,3296900
2025-02-28,433.3780517578125,433.8229394456623,426.1117439333043,428.12852185746675,3249900
2025-03-03,427.1695861816406,435.67166000777377,424.58932194961415,434.5347616277231,3925200
2025-03-04,420.723876953125,426.1810077156352,419.02346205197097,424.7870603109046,3586900
2025-03-05,425.5680236816406,426.68516063279964,419.61658729845806,420.3679122821114,3018300
2025-03-06,421.050048828125,425.22199469686257,419.2112440985684,421.316993506328,2824100
2025-03-07,423.3831787109375,424.4311054973514,417.1746937138568,419.2705472866845,3719500
2025-03-10,414.7130126953125,421.19830773007203,411.8756998888623,418.5686252534035,3442800
2025-03-11,410.0171203613281,414.2582762453323,407.55548500022076,413.70465568355763,3893400
2025-03-12,409.2361145019531,412.81488655796875,405.88470398879815,412.21181730634424,2960500
2025-03-13,404.1250305175781,409.47342794792934,402.6124545470766,408.6429970396207,2557200
2025-03-14,410.63006591796875,411.17382088493986,405.24214599473,406.1516525826626,2422700
2025-03-17,414.436279296875,415.98840831856074,410.116047065228,410.21491435916846,2141000
2025-03-18,411.7867431640625,413.9023882916308,410.15553865330673,413.6552351787873,1844100
2025-03-19,415.6324768066406,417.6788817340888,412.0536742458063,412.854447950038,1813800
2025-03-20,415.3358459472656,418.3214747708571,412.8841064492832,413.1609167206702,1646500
2025-03-21,415.634033203125,416.0203431102425,410.2556199188197,412.0979373068478,2485700
2025-03-24,421.4482116699219,422.18120287927434,418.77387741840454,419.3285554955054,2474900
2025-03-25,421.775146484375,422.7854466305735,420.328993248746,422.2703969883787,3997600
2025-03-26,420.20025634765625,424.07311894245174,419.1206138689576,422.28028429637016,2442100
2025-03-27,418.9224853515625,421.05205640515584,417.45653302461017,419.6554464011932,1646000
2025-03-28,411.6719970703125,418.3677931174806,411.256003601782,417.97159878584057,2600600
2025-03-31,415.89154052734375,417.3574625763601,407.5317101553529,408.28450054443044,2985300
2025-04-01,415.60430908203125,417.27825818267183,411.0579131399271,414.4355251619661,2384800
2025-04-02,418.0211181640625,419.6257248798547,412.2266815132759,412.41487911354193,2299800
2025-04-03,401.37078857421875,407.7000738065706,401.152877160234,407.0166559734757,7440100
2025-04-04,379.5797424316406,392.8821617847369,379.0448635011584,391.1784990890088,8667200
2025-04-07,375.96441650390625,388.4843315832818,362.8402801850383,367.8522120893495,12718200
2025-04-08,372.90380859375,390.61394019113953,367.50556632436644,389.7423247462688,7283000
2025-04-09,402.22259521484375,403.9163735305939,368.5059660876954,368.5059660876954,9861100
2025-04-10,391.9214172363281,396.38858629165554,380.6594260242791,395.80419434566244,6624200
2025-04-11,398.09222412109375,400.25150884892315,388.9598045273912,390.6931811188274,3789900
2025-04-14,401.56890869140625,403.98570320138913,397.8941284007528,403.6093382314218,2286200
2025-04-15,399.8751525878906,404.1442095046746,399.6968696614926,401.9354116074627,2387300
2025-04-16,393.00103759765625,400.44962383242324,390.2969894424337,398.488421136584,3004400
2025-04-17,387.8349914550781,390.86745774492715,386.0016786678251,387.95393601450183,4537500
2025-04-21,378.1827392578125,385.19898654906626,374.9422030742888,384.96112766689606,2881800
2025-04-22,388.3404235839844,389.123316524992,381.7305171841504,382.592676258676,3308100
2025-04-23,392.3440246582031,400.11340580053667,391.343112095439,395.6935856867717,4049200
2025-04-24,397.368408203125,398.06208519970426,390.25305504577267,391.9476749536213,4010500
2025-04-25,397.4079895019531,397.7548430896101,393.5629621864835,396.27827324361095,1790800
2025-04-28,398.64678955078125,400.52970066376605,395.12877608902295,398.18102157694443,1534700
2025-04-29,401.5602722167969,402.66029019260355,398.5774037986902,398.7755842565975,1888100
2025-04-30,402.6800842285156,404.1071165404236,393.8305241673558,398.8052980440841,2487400
2025-05-01,403.7503662109375,407.22873094532747,403.3539448316532,404.8701628550296,1917600
2025-05-02,409.31976318359375,410.14227407885096,406.63415033950685,408.0711023076376,2277700
2025-05-05,408.5467529296875,410.7071102478937,406.7629475191021,407.1197206983008,3866000
2025-05-06,404.5629577636719,408.03143313611133,403.8395522556087,404.7908970326632,1745600
2025-05-07,407.3476257324219,409.08186333417746,404.4737523266248,406.16834174381177,2420600
2025-05-08,410.15216064453125,413.9872984629133,407.86296938483486,409.3791873651884,2001000
2025-05-09,408.7052917480469,411.4305221338513,407.86294176207593,410.70708645315585,1789200
2025-05-12,420.40899658203125,420.4783431117485,417.2972638582353,419.15041604094455,2398600
2025-05-13,417.7134704589844,420.17111375160295,417.6242847178206,418.8729153368197,3018000
2025-05-14,416.7621154785156,418.85312654222105,415.8305795912092,418.27833363675563,3064800
2025-05-15,419.66571044921875,419.8638908960023,414.7206350036333,414.770202797358,3927000
2025-05-16,423.02972412109375,423.2578368555347,419.0131603705752,420.2429171207151,2430300
2025-05-19,424.5074462890625,425.1223246617727,420.13383785210493,420.203267414371,3121500
2025-05-20,423.4462585449219,424.66611836795556,421.5222667585367,423.87270253218264,1971000
2025-05-21,415.2940673828125,421.06604234131413,414.63951071337976,419.5982458463089,3624800
2025-05-22,415.363525390625,417.67428280394,413.9254799972833,414.42135354454325,2638600
2025-05-23,412.8940734863281,414.71891485779355,410.4147056362858,410.5238135598625,3117800
2025-05-27,420.3520202636719,420.3619171541209,415.73047508118725,417.22802290814974,3126600
2025-05-28,417.94207763671875,421.32390862551966,417.26766660445173,420.23301102434243,1790900
2025-05-29,418.9734802246094,419.5288561910605,415.1254965529691,418.9734802246094,2751400
2025-05-30,419.3602294921875,420.768493298461,416.04779810861555,418.675921633605,2957500
2025-06-02,420.2131652832031,420.3520244080585,415.6213712582336,417.8329782396106,2636100
2025-06-03,422.4941711425781,422.851185553614,418.9833781054679,419.5784323895792,2332600
2025-06-04,421.4330139160156,423.6346936824837,421.3536571994347,422.86113215727704,2163300
2025-06-05,420.47100830078125,423.2974935156745,419.3701533101366,422.4346784035502,3018800
2025-06-06,424.8446044921875,426.5404834667825,423.02969044884577,424.249550211326,3081100
2025-06-09,424.82476806640625,426.1735598441913,422.91070345043676,424.9834512323645,2680200
2025-06-10,426.064453125,426.55042978015143,424.3388228721436,424.73551565529556,2022600
2025-06-11,426.0545654296875,428.49425485115717,424.6363743230961,426.312399098155,3025000
2025-06-12,426.93719482421875,426.99669722832425,423.44625596524327,424.6661157808455,2587700
2025-06-13,419.3205871582031,423.3966834601567,418.1205816466744,422.5933404680886,4826100
2025-06-16,422.761962890625,424.6661306859937,421.37352296989803,421.54210303220754,3177100
2025-06-17,419.6180725097656,422.9007830327101,418.8742622351846,420.95693705715496,2450200
2025-06-18,419.350341796875,422.6925246946279,418.74539059101886,420.1735088419459,2786700
2025-06-20,419.46868896484375,421.845688886139,418.43433053647345,421.0699276528071,3810500
2025-06-23,423.4071960449219,423.64588248653496,417.3403293890433,419.70740444099147,4315000
2025-06-24,428.44964599609375,429.38454166513753,425.35652597997205,426.2019142362501,4958200
2025-06-25,427.524658203125,428.56897201371714,426.18201671373754,428.40983761348076,3265500
2025-06-26,431.5725402832031,431.83113746925443,428.45954007308967,428.47945084234436,2444800
2025-06-27,435.6204528808594,437.17197535338823,432.73621394355746,432.78593016504504,3621000
2025-06-30,438.25604248046875,438.86274427182894,436.27686341143,438.0571472461507,2827800
2025-07-01,442.4730529785156,443.5471722890688,437.60960439715416,437.79857460901394,4520300
2025-07-02,442.2939758300781,442.98022963369397,440.9612594097787,442.2641400278245,3141700
2025-07-03,445.6556396484375,446.42144551157816,443.149341081245,443.2488038775476,2807100
2025-07-07,441.587890625,445.4070254962992,439.1611439330621,444.94953302703465,3657500
2025-07-08,439.9766540527344,441.9657885036429,439.648429871336,441.27953468993684,3563200
2025-07-09,442.1050109863281,443.17916058403296,439.8771901196558,441.9757427428519,3251900
2025-07-10,444.0743103027344,445.3771910694326,441.2895339353913,441.9658324314909,2262600
2025-07-11,441.16015625,442.0453052270429,440.35455928985624,441.25961903495937,3345500
2025-07-14,442.1647033691406,442.3437485450268,440.07613638438374,440.7026882687402,2244700
2025-07-15,437.7587890625,442.75153631126386,437.7488640287585,442.1647148973231,3810700
2025-07-16,439.9567565917969,440.2053984056819,435.26242828336086,439.4594729640269,4230300
2025-07-17,442.8012390136719,443.1891044641609,439.57885078708756,439.64844742829354,3790800
2025-07-18,441.03118896484375,443.5385068513946,439.8969065916074,443.4887704093943,3901900
2025-07-21,441.2102966308594,443.7673814396704,440.91181723704585,441.9664849140264,2548800
2025-07-22,442.7226257324219,443.21018254232433,440.61329045993614,440.6331789640456,3091600
2025-07-23,447.94622802734375,447.98603539974056,444.10565160458407,445.0011201166773,5486500
2025-07-24,444.86181640625,446.8716788277779,444.5036411414998,444.76234351990536,5078300
2025-07-25,446.7621765136719,447.15023004685844,444.16531498219706,445.2796784147438,3710600
2025-07-28,446.08563232421875,447.21991469799974,445.13046794280666,446.40403057273215,2864200
2025-07-29,444.2350158691406,446.593094153917,443.4091722792701,446.3741991454834,3146200
2025-07-30,442.52362060546875,445.1304415870526,440.38440717078413,444.463797191457,3765000
2025-07-31,439.1108703613281,443.95640830397537,438.28505716661084,443.031061497011,4223300
2025-08-01,433.52911376953125,435.5588647428272,431.22077190689106,435.548905308309,5980000
2025-08-04,439.5885009765625,439.67804479740255,435.3897186471017,435.6782689792288,5065800
2025-08-05,438.921875,440.77250797563465,437.0015563467536,439.57852966842347,4081600
2025-08-06,439.7476806640625,440.7227639436353,437.91693622488566,439.8869609244991,2975300
2025-08-07,437.5090026855469,442.77241202845084,435.7777614638361,442.0361122461921,5205100
2025-08-08,439.6979064941406,440.65307082303366,438.095986269726,438.59347211912626,3684500
2025-08-11,437.79754638671875,440.6431511271267,437.02146960623213,440.1058578593654,3538100
2025-08-12,442.4440612792969,442.9116992488912,438.9218829014642,439.46910525637804,5012600
2025-08-13,447.16021728515625,447.3890413546347,443.8071369814891,444.1951905388053,6203200
2025-08-14,446.9015197753906,447.3791171517151,444.73248862399106,445.4886465146776,4553200
2025-08-15,447.53472900390625,450.04353287325637,446.97721703293956,449.8942047349838,5584400
2025-08-18,447.05682373046875,447.972753564503,446.63870496654596,447.35551037253566,3809100
2025-08-19,447.2957458496094,450.14303658970204,446.2205226295415,447.8532577481187,5794900
2025-08-20,447.365478515625,448.5203334432916,445.6830076169538,447.79359302946966,4731400
2025-08-21,445.96173095703125,447.0767548380743,443.90091161503807,445.7327409027691,3780700
2025-08-22,454.6131591796875,455.8376802218442,448.2913383954269,448.4207662348371,8534700
2025-08-25,451.0589904785156,454.1651370455061,451.0191595173148,453.61759045301125,3898200
2025-08-26,452.4726867675781,452.73154245145685,450.5313602848553,450.7802506325471,3190500
2025-08-27,454.005859375,454.6131676214814,452.1939303538554,452.2636269428508,2943900
2025-08-28,454.7624816894531,455.17066549250205,452.7713589714319,454.5036260138315,3576500
2025-08-29,454.0655822753906,454.8122533040054,452.2636186235699,454.09544790125034,3605900
2025-09-02,451.5965881347656,451.6862153962525,448.1619195639736,449.9837835419614,6009200
2025-09-03,451.2481689453125,451.72601897175747,448.5302753914158,450.8698507529618,3948200
2025-09-04,455.0213317871094,455.23042155902704,450.55127076375834,451.53686684062683,4524200
2025-09-05,452.970458984375,456.634147924236,450.96940128623123,455.0910095681572,5828200
2025-09-08,454.17510986328125,454.264706740868,451.616509846636,453.3587422468843,4395200
2025-09-09,455.9770812988281,456.51466257352496,453.19945651773816,453.9361622229969,5979400
2025-09-10,453.9062805175781,455.8675375988606,452.69169445126937,455.6783785111642,5412200
2025-09-11,459.8697204589844,460.26793892974644,454.5733266896961,454.82221703168756,6352100
2025-09-12,457.28125,459.6407255560395,457.0323596606351,459.20267612818765,3784600
2025-09-15,458.0279541015625,458.86422205637774,456.7934372693007,457.9682228463702,4862200
2025-09-16,456.74365234375,458.75467540982436,455.74809095581014,458.0677356215761,4526100
2025-09-17,459.2126770019531,461.79117747146563,455.927306038813,457.74920047794615,5998000
2025-09-18,460.5765686035156,462.3088356918881,458.61531145892985,459.2425199928915,6681000
2025-09-19,462.20196533203125,463.04062251481355,460.1352580946788,461.9823148459031,5871400
2025-09-22,462.9308166503906,463.54982335258615,459.4264026486323,460.42480841834794,4074900
2025-09-23,462.1320495605469,466.25547004863876,461.29339241416073,463.4799033728878,5904600
2025-09-24,460.2850036621094,463.6796075560234,460.0653531803729,462.71115276867505,4588800
2025-09-25,458.6975402832031,460.34490365491445,456.9802811973833,459.1667921981924,4767200
2025-09-26,461.54302978515625,462.6712332087577,459.5861629578686,460.53463018195015,4167200
2025-09-29,462.30181884765625,463.04062937151593,460.57456588712006,463.02067222481816,3752700
2025-09-30,463.00067138671875,463.3501194919712,460.10530081406006,461.8824618250513,4253300
2025-10-01,463.5198669433594,464.39846888539756,461.81257115961097,461.8325587748827,4551600
2025-10-02,464.3684997558594,465.0274512298327,461.88247910276704,463.5697873159123,5458300
2025-10-03,466.7646789550781,469.63009856427163,464.93757938163486,465.04741985727543,9693900
2025-10-06,466.09576416015625,467.7231705036551,463.48993962407076,467.573415726109,7405400
2025-10-07,465.22711181640625,467.86288705778094,463.64964419446017,466.80457943835233,7368700
2025-10-08,465.32696533203125,467.383678695835,464.188768176121,466.574972493025,4621200
2025-10-09,462.76104736328125,466.03581687883184,461.87245165480317,465.42680401979123,5411000
2025-10-10,454.14483642578125,465.7563006283722,453.9950816511973,464.3784957643468,9309100
2025-10-13,459.945556640625,460.82415858146624,457.3297384333459,457.49948081829615,6272500
2025-10-14,461.9723205566406,464.4783287636369,453.83531970856865,456.30138315387626,7827400
2025-10-15,461.9723205566406,466.1955878891417,459.51625091898666,463.9292177833518,6187100
2025-10-16,458.8273620605469,463.52984479651576,457.11010288431595,462.6312856799951,8149500
2025-10-17,461.1993713378906,462.5276856274619,458.3429820406863,458.7224786382736,8439900
2025-10-20,466.4327697753906,466.9421382675088,462.8472874089885,462.8672817681813,4556600
2025-10-21,468.6300354003906,470.65748179510894,466.32294227809757,466.48274476231273,5951600
2025-10-22,465.1943359375,468.6499768656481,463.8959827242623,468.62001580624127,7604700
2025-10-23,466.70245361328125,467.38159128886383,464.27548585035083,464.9646207056117,5144200
2025-10-24,471.6162414550781,472.6449451288366,468.689932909626,469.4289926910042,7228900
2025-10-27,474.7523193359375,475.0219688758347,473.1143667786779,474.16306483669115,4720200
2025-10-28,476.550048828125,478.80721696799145,476.22047716483803,478.1979681029732,9435500
2025-10-29,475.7710266113281,479.7859915314212,473.89338557117406,478.04815861170067,10006500
2025-10-30,474.4127502441406,479.5462715544292,473.31412724646594,473.50389078602825,9338300
2025-10-31,475.0719299316406,476.56004672740613,472.8247589682168,475.2616629943483,7990900
2025-11-03,472.8746643066406,475.70109247928553,470.70737943424075,475.5612843632112,4858700
2025-11-04,470.3078918457031,472.11561354258475,468.2105262559626,469.8285148966464,6013300
2025-11-05,472.5151062011719,473.96329519149566,469.8085222358198,470.20801318787966,7030200
2025-11-06,468.68994140625,472.8447144153609,467.26174675664487,471.49640576551286,7125200
2025-11-07,469.2691955566406,469.3591092146694,464.27548242733974,467.6911956186322,8604400
2025-11-10,473.2242431640625,473.60377024246327,468.85974272086645,471.3066438918504,5636600
2025-11-11,478.8072204589844,479.25663636674324,473.4040190315206,473.6637018754749,4839100
2025-11-12,482.15301513671875,483.7909372459964,479.88584979727233,479.88584979727233,7066900
2025-11-13,474.14306640625,481.80343578909407,473.62373121117145,480.7946959794621,8722300
2025-11-14,471.2067565917969,473.45392748998006,468.2804480260611,470.787301759158,10940200
2025-11-17,465.7336730957031,471.7660566690211,463.955912423703,470.2779398954903,7599500
2025-11-18,460.719970703125,463.51646840123965,458.9522071910875,461.588902408235,12817500
2025-11-19,461.1794128417969,462.81733492804136,458.84235871338046,460.92972718090783,5833400
2025-11-20,457.5240173339844,468.44026726156994,457.1344930676784,466.053288160181,13414200
2025-11-21,462.57000732421875,465.82000732421875,457.8500061035156,459.5400085449219,11821400
2025-11-24,464.44000244140625,465.8699951171875,461.010009765625,463.75,6206800
2025-11-25,471.17999267578125,471.8999938964844,463.45001220703125,465.5799865722656,7203600
2025-11-26,474.3500061035156,475.7900085449219,471.92999267578125,472.20001220703125,5689100
2025-11-28,477.17999267578125,477.6099853515625,474.82000732421875,474.82000732421875,2281800
2025-12-01,473.32000732421875,476.95001220703125,472.95001220703125,474.3399963378906,4413900
2025-12-02,475.260009765625,476.4599914550781,473.1199951171875,474.2099914550781,5233500
2025-12-03,479.4100036621094,480.17999267578125,474.6700134277344,474.8299865722656,5994200
2025-12-04,479.07000732421875,481.2300109863281,477.5,479.7099914550781,4003800
2025-12-05,480.0299987792969,481.92999267578125,479.2900085449219,479.4800109863281,4590400
